{
  "control_mode": "enabled",
  "head_pose": {
    "x": -0.0007244991153460317,
    "y": 0.0020444415799089123,
    "z": -0.0013986476141853443,
    "roll": 0.03186123895204955,
    "pitch": 0.006227992850683206,
    "yaw": -0.02666119073242053
  },
  "head_joints": [
    -0.003067961575771161,
    0.615126295942142,
    -0.5997864880632857,
    0.5737088146692297,
    -0.6197282383057989,
    0.5752427954571155,
    -0.5829126993965437
  ],
  "body_yaw": -0.003067961575771161,
  "antennas_position": [
    -0.0015339807878858025,
    0.027611654181941336
  ],
  "timestamp": "2026-01-25T09:27:35.832025Z",
  "passive_joints": null,
  "doa": null
}
